{
    "__comment": "Made with TheDestruc7i0n's advancements generator: https://advancements.thedestruc7i0n.ca",
    "display": {
        "title": {
            "text": "Crafted Grappling Hook"
        },
        "description": {
            "text": "Description"
        },
        "icon": {
            "item": "minecraft:stone"
        },
        "frame": "task",
        "show_toast": false,
        "announce_to_chat": false,
        "hidden": true,
        "background": "minecraft:textures/gui/advancements/backgrounds/stone.png"
    },
    "criteria": {
        "Unlock Recipe": {
            "trigger": "minecraft:recipe_unlocked",
            "conditions": {
                "recipe": "divine:overworld_hook"
            }
        }
    },
    "rewards": {
        "experience": 5,
        "function": "divine:give_overworld"
    }
}