{
    "type": "minecraft:crafting_shapeless",
    "ingredients": [
        {
            "item": "minecraft:rabbit_hide"
        },
        {
            "item": "minecraft:diamond_block"
        },
        {
            "item": "minecraft:ink_sac"
        },
        {
            "item": "minecraft:ender_pearl"
        },
        {
            "item": "minecraft:ender_pearl"
        },
        {
            "item": "minecraft:blaze_powder"
        },
        {
            "item": "minecraft:nether_gold_ore"
        },
        {
            "item": "minecraft:cracked_nether_bricks"
        },
        {
            "item": "minecraft:magma_cream"
        }
    ],
    "result": {
        "item": "minecraft:ender_eye",
        "count": 2
    }
}