{"stats":{"minecraft:picked_up":{"minecraft:ladder":3,"minecraft:water_bucket":1,"minecraft:stone_slab":3,"minecraft:dark_oak_boat":1,"minecraft:carrot_on_a_stick":5,"minecraft:wooden_pickaxe":1,"minecraft:polished_deepslate":3,"minecraft:dirt":1,"minecraft:string":1,"minecraft:paper":1,"minecraft:wooden_sword":224,"minecraft:bone":4,"minecraft:deepslate_brick_slab":3,"minecraft:bucket":2,"minecraft:iron_ingot":5340,"minecraft:chest":1,"minecraft:oak_planks":2,"minecraft:sandstone":153,"minecraft:stone":3,"minecraft:green_bed":1,"minecraft:grass_block":3,"minecraft:zombie_spawn_egg":3,"minecraft:orange_bed":1,"minecraft:arrow":3,"minecraft:diamond":25961,"minecraft:polished_diorite":1,"minecraft:yellow_stained_glass_pane":1,"minecraft:emerald":991,"minecraft:gold_ingot":3625,"minecraft:white_wool":419,"minecraft:snowball":33,"minecraft:cobblestone":16},"minecraft:used":{"minecraft:oak_fence":19,"minecraft:oak_trapdoor":1,"minecraft:water_bucket":8,"minecraft:jungle_leaves":2,"minecraft:flint_and_steel":7,"minecraft:polished_deepslate":4,"minecraft:armor_stand":7,"minecraft:elytra":1,"minecraft:oak_planks":3,"minecraft:redstone":13,"minecraft:carrot_on_a_stick":94,"minecraft:lime_wool":27,"minecraft:ladder":5,"minecraft:tinted_glass":10,"minecraft:silverfish_spawn_egg":3,"minecraft:ender_pearl":114,"minecraft:chest":16,"minecraft:wooden_pickaxe":7,"minecraft:ender_chest":10,"minecraft:sandstone":45,"minecraft:stone":747,"minecraft:zombie_spawn_egg":46,"minecraft:green_bed":1,"minecraft:structure_block":7,"minecraft:cobblestone_slab":57,"minecraft:player_head":3,"minecraft:oak_leaves":1,"minecraft:white_wool":569,"minecraft:orange_bed":28,"minecraft:soul_campfire":1,"minecraft:dirt":454,"minecraft:comparator":7,"minecraft:lime_bed":1,"minecraft:tnt":6,"minecraft:red_bed":2,"minecraft:brick_slab":12,"minecraft:light_blue_wool":24,"minecraft:spruce_log":49,"minecraft:yellow_stained_glass_pane":69,"minecraft:stone_stairs":76,"minecraft:orange_wool":45,"minecraft:deepslate_brick_slab":40,"minecraft:yellow_candle":12,"minecraft:obsidian":237,"minecraft:note_block":2,"minecraft:endermite_spawn_egg":4,"minecraft:snowball":413,"minecraft:milk_bucket":2,"minecraft:polished_diorite":3,"minecraft:creeper_spawn_egg":13,"minecraft:amethyst_cluster":1,"minecraft:glass":91,"minecraft:stone_brick_slab":11,"minecraft:lever":1,"minecraft:firework_rocket":5,"minecraft:bricks":5,"minecraft:villager_spawn_egg":7,"minecraft:red_wool":28,"minecraft:command_block":28,"minecraft:grass_block":1014,"minecraft:slime_block":2,"minecraft:stone_button":2,"minecraft:stone_slab":122,"minecraft:light_blue_bed":1,"minecraft:iron_door":1,"minecraft:stone_brick_stairs":36,"minecraft:yellow_wool":39,"minecraft:slime_spawn_egg":19,"minecraft:birch_trapdoor":32,"minecraft:repeater":7,"minecraft:wooden_sword":6,"minecraft:cobblestone":37,"minecraft:dark_oak_boat":4,"minecraft:waxed_oxidized_cut_copper_stairs":17,"minecraft:chain_command_block":2,"minecraft:bucket":5,"minecraft:egg":3,"minecraft:yellow_bed":15,"minecraft:experience_bottle":29},"minecraft:crafted":{"minecraft:obsidian":16,"minecraft:oak_planks":64,"minecraft:chainmail_helmet":2,"minecraft:egg":1,"minecraft:air":0,"minecraft:diamond_helmet":1,"minecraft:white_wool":64,"minecraft:stick":1,"minecraft:stone_sword":1,"minecraft:end_stone":12,"minecraft:endermite_spawn_egg":4},"minecraft:killed_by":{"minecraft:creeper":6},"minecraft:custom":{"minecraft:mob_kills":1,"minecraft:traded_with_villager":20,"minecraft:tune_noteblock":51,"minecraft:leave_game":6,"minecraft:time_since_death":3230,"minecraft:climb_one_cm":394,"minecraft:damage_resisted":10030,"minecraft:time_since_rest":3231,"minecraft:open_enderchest":47,"minecraft:sprint_one_cm":817837,"minecraft:damage_taken":44980,"minecraft:walk_one_cm":573348,"minecraft:drop":134,"minecraft:damage_dealt":661,"minecraft:talked_to_villager":56,"minecraft:fly_one_cm":3529427,"minecraft:open_chest":316,"minecraft:crouch_one_cm":53314,"minecraft:play_time":757111,"minecraft:deaths":1636,"minecraft:sneak_time":21840,"minecraft:walk_under_water_one_cm":4031,"minecraft:jump":3670,"minecraft:aviate_one_cm":53486,"minecraft:walk_on_water_one_cm":1850,"minecraft:total_world_time":1798135,"minecraft:fall_one_cm":121244},"minecraft:dropped":{"minecraft:water_bucket":1,"minecraft:polished_diorite":1,"minecraft:iron_ingot":201,"minecraft:zombie_spawn_egg":3,"minecraft:diamond":443,"minecraft:experience_bottle":1,"minecraft:deepslate_brick_slab":3,"minecraft:cobblestone":3,"minecraft:oak_planks":1,"minecraft:carrot_on_a_stick":1,"minecraft:grass_block":3,"minecraft:red_stained_glass_pane":1,"minecraft:emerald":169,"minecraft:yellow_stained_glass_pane":1,"minecraft:stone":3,"minecraft:dead_tube_coral_fan":1,"minecraft:spruce_planks":65,"minecraft:snowball":17,"minecraft:wooden_sword":22,"minecraft:sandstone":61,"minecraft:wooden_pickaxe":1,"minecraft:orange_bed":4,"minecraft:paper":1,"minecraft:white_wool":146,"minecraft:dark_oak_boat":1,"minecraft:bucket":2,"minecraft:polished_deepslate":3,"minecraft:gold_ingot":103},"minecraft:mined":{"minecraft:red_bed":1,"minecraft:ladder":3,"minecraft:grass_block":1,"minecraft:chest":1,"minecraft:glass":4,"minecraft:cobblestone":2,"minecraft:oak_planks":2,"minecraft:sandstone":1,"minecraft:yellow_bed":1,"minecraft:dirt":1,"minecraft:stone":3,"minecraft:green_bed":1,"minecraft:white_wool":21,"minecraft:orange_bed":13}},"DataVersion":2730}